fileIndex,fileName
0,PRC_CQ-H48F029036-603472.csv
1,PRC_CQ-H48F029037-13352.csv
2,PRC_CQ-H48F028037-8916.csv
3,PRC_CQ-H48F029037-617212.csv
4,PRC_CQ-H48F028037-604417.csv
5,PRC_CQ-H48F029036-11536.csv
6,PRC_CQ-H48F029037-143201.csv
7,PRC_CQ-H48F029036-9392.csv
8,PRC_CQ-H48F029037-602949.csv
9,PRC_CQ-H48F029037-607584.csv
10,PRC_CQ-H48F029037-146451.csv
11,PRC_CQ-H48F028038-2661.csv
12,PRC_CQ-H48F029036-607217.csv
13,PRC_CQ-H48F029036-608297.csv
14,PRC_CQ-H48F029037-602520.csv
15,PRC_CQ-H48F029037-13187.csv
16,PRC_CQ-H48F029037-602939.csv
17,PRC_CQ-H48F029036-609128.csv
18,PRC_CQ-H48F028037-3926.csv
19,PRC_CQ-H48F028037-4596.csv
20,PRC_CQ-H48F029037-145042.csv
21,PRC_CQ-H48F028037-601233.csv
22,PRC_CQ-H48F029037-145026.csv
23,PRC_CQ-H48F029037-607409.csv
24,PRC_CQ-H48F028037-923.csv
25,PRC_CQ-H48F029036-611284.csv
26,PRC_CQ-H48F030036-600994.csv
27,PRC_CQ-H48F029036-609783.csv
28,PRC_CQ-H48F029037-617211.csv
29,PRC_CQ-H48F029037-616719.csv
30,PRC_CQ-H48F029037-601436.csv
31,PRC_CQ-H48F028038-2087.csv
32,PRC_CQ-H48F028037-324.csv
33,PRC_CQ-H48F028037-4591.csv
34,PRC_CQ-H48F028037-4611.csv
35,PRC_CQ-H48F029036-607146.csv
36,PRC_CQ-H48F030036-611484.csv
37,PRC_CQ-H48F030036-18213.csv
38,PRC_CQ-H48F029036-6648.csv
39,PRC_CQ-H48F029036-607155.csv
40,PRC_CQ-H48F028037-4590.csv
41,PRC_CQ-H48F030036-12825.csv
42,PRC_CQ-H48F029037-609186.csv
43,PRC_CQ-H48F029037-609220.csv
44,PRC_CQ-H48F029036-603470.csv
45,PRC_CQ-H48F028037-4529.csv
46,PRC_CQ-H48F028037-604233.csv
47,PRC_CQ-H48F028038-2086.csv
48,PRC_CQ-H48F029037-601426.csv
49,PRC_CQ-H48F029037-607579.csv
50,PRC_CQ-H48F029037-143253.csv
51,PRC_CQ-H48F029037-607981.csv
52,PRC_CQ-H48F029037-9833.csv
53,PRC_CQ-H48F028037-8590.csv
54,PRC_CQ-H48F028037-604232.csv
55,PRC_CQ-H48F030036-15412.csv
56,PRC_CQ-H48F029037-610498.csv
57,PRC_CQ-H48F029037-607580.csv
58,PRC_CQ-H48F028038-2049.csv
59,PRC_CQ-H48F029036-607218.csv
60,PRC_CQ-H48F029037-611837.csv
61,PRC_CQ-H48F028037-608428.csv
62,PRC_CQ-H48F028037-4527.csv
63,PRC_CQ-H48F028037-1000.csv
64,PRC_CQ-H48F028037-4580.csv
65,PRC_CQ-H48F029036-609513.csv
66,PRC_CQ-H48F029037-616732.csv
67,PRC_CQ-H48F029036-611285.csv
68,PRC_CQ-H48F029037-613979.csv
69,PRC_CQ-H48F029037-143198.csv
70,PRC_CQ-H48F030036-144377.csv
71,PRC_CQ-H48F029037-616720.csv
72,PRC_CQ-H48F029036-9391.csv
73,PRC_CQ-H48F028037-4597.csv
74,PRC_CQ-H48F029036-611282.csv
75,PRC_CQ-H48F030036-15414.csv
76,PRC_CQ-H48F029036-10518.csv
77,PRC_CQ-H48F028038-2085.csv
78,PRC_CQ-H48F029036-6649.csv
79,PRC_CQ-H48F029037-13188.csv
81,PRC_CQ-H48F030036-606427.csv
82,PRC_CQ-H48F030036-15347.csv
83,PRC_CQ-H48F029037-607982.csv
84,PRC_CQ-H48F029036-609130.csv
85,PRC_CQ-H48F030036-611483.csv
86,PRC_CQ-H48F028037-4577.csv
87,PRC_CQ-H48F029037-13203.csv
88,PRC_CQ-H48F029037-143167.csv
89,PRC_CQ-H48F028037-4606.csv
90,PRC_CQ-H48F028038-2660.csv
91,PRC_CQ-H48F030036-611481.csv
92,PRC_CQ-H48F028037-4578.csv
93,PRC_CQ-H48F028037-608427.csv
94,PRC_CQ-H48F028037-7317.csv
95,PRC_CQ-H48F028037-1001.csv
96,PRC_CQ-H48F029037-600122.csv
97,PRC_CQ-H48F028037-7320.csv
98,PRC_CQ-H48F028037-608426.csv
99,PRC_CQ-H48F029036-603469.csv
100,PRC_CQ-H48F028037-4610.csv
101,PRC_CQ-H48F029037-145024.csv
102,PRC_CQ-H48F029037-600073.csv
103,PRC_CQ-H48F029037-607952.csv
104,PRC_CQ-H48F029036-10437.csv
105,PRC_CQ-H48F029037-616716.csv
106,PRC_CQ-H48F029037-145860.csv
107,PRC_CQ-H48F029036-11537.csv
108,PRC_CQ-H48F029036-611286.csv
109,PRC_CQ-H48F029036-6656.csv
110,PRC_CQ-H48F029036-607154.csv
111,PRC_CQ-H48F029037-607951.csv
112,PRC_CQ-H48F030036-18214.csv
113,PRC_CQ-H48F029037-13178.csv
114,PRC_CQ-H48F029037-13190.csv
115,PRC_CQ-H48F029036-11506.csv
116,PRC_CQ-H48F029036-6657.csv
117,PRC_CQ-H48F028037-4581.csv
118,PRC_CQ-H48F028038-143259.csv
119,PRC_CQ-H48F029037-602519.csv
120,PRC_CQ-H48F029037-13191.csv
121,PRC_CQ-H48F028037-607452.csv
122,PRC_CQ-H48F029037-13189.csv
123,PRC_CQ-H48F029036-10.csv
124,PRC_CQ-H48F028037-607453.csv
125,PRC_CQ-H48F029037-617579.csv
126,PRC_CQ-H48F029037-607950.csv
127,PRC_CQ-H48F029037-609222.csv
128,PRC_CQ-H48F029037-13177.csv
129,PRC_CQ-H48F029036-8.csv
130,PRC_CQ-H48F029037-616717.csv
131,PRC_CQ-H48F030036-15345.csv
132,PRC_CQ-H48F029037-617205.csv
133,PRC_CQ-H48F030036-18212.csv
134,PRC_CQ-H48F030036-144874.csv
135,PRC_CQ-H48F030036-611482.csv
136,PRC_CQ-H48F028037-4613.csv
137,PRC_CQ-H48F028038-143133.csv
138,PRC_CQ-H48F029036-609085.csv
139,PRC_CQ-H48F028037-7318.csv
140,PRC_CQ-H48F029037-145043.csv
141,PRC_CQ-H48F029037-601437.csv
142,PRC_CQ-H48F028038-143132.csv
143,PRC_CQ-H48F030036-14853.csv
144,PRC_CQ-H48F029037-13176.csv
145,PRC_CQ-H48F029037-608400.csv
146,PRC_CQ-H48F029037-13225.csv
147,PRC_CQ-H48F028037-601232.csv
148,PRC_CQ-H48F028037-604416.csv
149,PRC_CQ-H48F029036-609514.csv
150,PRC_CQ-H48F029036-6658.csv
151,PRC_CQ-H48F029036-6650.csv
152,PRC_CQ-H48F029037-13204.csv
153,PRC_CQ-H48F029036-6653.csv
154,PRC_CQ-H48F029037-12049.csv
155,PRC_CQ-H48F028037-8589.csv
156,PRC_CQ-H48F029037-617210.csv
157,PRC_CQ-H48F029036-11209.csv
158,PRC_CQ-H48F029037-143254.csv
159,PRC_CQ-H48F029036-609086.csv
160,PRC_CQ-H48F029037-146452.csv
161,PRC_CQ-H48F028037-921.csv
162,PRC_CQ-H48F030036-12827.csv
163,PRC_CQ-H48F029037-144160.csv
164,PRC_CQ-H48F029037-145041.csv
165,PRC_CQ-H48F030036-144378.csv
166,PRC_CQ-H48F029036-9.csv
167,PRC_CQ-H48F030036-18215.csv
168,PRC_CQ-H48F030036-14851.csv
169,PRC_CQ-H48F029037-262.csv
170,PRC_CQ-H48F029036-601462.csv
171,PRC_CQ-H48F029037-616731.csv
172,PRC_CQ-H48F030036-821.csv
173,PRC_CQ-H48F029037-13226.csv
174,PRC_CQ-H48F028037-5251.csv
175,PRC_CQ-H48F029037-607949.csv
176,PRC_CQ-H48F029037-611836.csv
177,PRC_CQ-H48F029037-18408.csv
178,PRC_CQ-H48F029037-145040.csv
179,PRC_CQ-H48F028038-2050.csv
180,PRC_CQ-H48F029037-18403.csv
181,PRC_CQ-H48F029036-601463.csv
182,PRC_CQ-H48F029036-611287.csv
183,PRC_CQ-H48F029036-608296.csv
184,PRC_CQ-H48F028037-4530.csv
185,PRC_CQ-H48F029037-601438.csv
